<measure>
  <schema_version>3.0</schema_version>
  <name>set_heat_pump_heating_coil_rated_cop</name>
  <uid>550419ad-c73a-4e5f-b7b0-ab3768584ce4</uid>
  <version_id>f1b401f4-eea5-43b2-aa6e-5e9f56b3d527</version_id>
  <version_modified>20190308T074955Z</version_modified>
  <xml_checksum>8CBDDA1B</xml_checksum>
  <class_name>SetHeatPumpHeatingCoilRatedCop</class_name>
  <display_name>Set Heat Pump Heating Coil Rated COP</display_name>
  <description>Set heat pump heating coil gross rated COP.</description>
  <modeler_description>Set heat pump heating coil gross rated COP.</modeler_description>
  <arguments>
    <argument>
      <name>heat_cop</name>
      <display_name>Cooling Coil Rated COP</display_name>
      <description>Set the heat pump's heating coil rated COP to this value.</description>
      <type>Double</type>
      <required>true</required>
      <model_dependent>false</model_dependent>
      <default_value>3.74</default_value>
    </argument>
  </arguments>
  <outputs/>
  <provenances/>
  <tags>
    <tag>HVAC.Cooling</tag>
  </tags>
  <attributes>
    <attribute>
      <name>Measure Type</name>
      <value>ModelMeasure</value>
      <datatype>string</datatype>
    </attribute>
  </attributes>
  <files>
    <file>
      <filename>LICENSE.md</filename>
      <filetype>md</filetype>
      <usage_type>license</usage_type>
      <checksum>CD7F5672</checksum>
    </file>
    <file>
      <filename>README.md.erb</filename>
      <filetype>erb</filetype>
      <usage_type>readmeerb</usage_type>
      <checksum>703C9964</checksum>
    </file>
    <file>
      <filename>example_model.osm</filename>
      <filetype>osm</filetype>
      <usage_type>test</usage_type>
      <checksum>53D14E69</checksum>
    </file>
    <file>
      <filename>set_heat_pump_heating_coil_rated_cop_test.rb</filename>
      <filetype>rb</filetype>
      <usage_type>test</usage_type>
      <checksum>DAD42BCC</checksum>
    </file>
    <file>
      <version>
        <software_program>OpenStudio</software_program>
        <identifier>2.7.1</identifier>
        <min_compatible>2.7.1</min_compatible>
      </version>
      <filename>measure.rb</filename>
      <filetype>rb</filetype>
      <usage_type>script</usage_type>
      <checksum>D4E6974E</checksum>
    </file>
    <file>
      <filename>README.md</filename>
      <filetype>md</filetype>
      <usage_type>readme</usage_type>
      <checksum>9FBDB401</checksum>
    </file>
  </files>
</measure>
