<measure>
  <schema_version>3.0</schema_version>
  <name>shift_schedule_profile_time</name>
  <uid>1c642348-f074-4ad1-98ee-2208ddc89ac7</uid>
  <version_id>26b0598a-8619-4a81-95d7-e4a753614b5e</version_id>
  <version_modified>20190308T074955Z</version_modified>
  <xml_checksum>B6CD1F98</xml_checksum>
  <class_name>ShiftScheduleProfileTime</class_name>
  <display_name>Shift Schedule Profile Time</display_name>
  <description>Shift a single or all schedules in the building by the specified number of hours</description>
  <modeler_description>This measure provides an easy way to shirt the building operations by a set time, but does not alter the length of the day. It only works with RulesetSchedules. It will allter summer and winter design days in addition to other profiles that are part of the schedules.</modeler_description>
  <arguments>
    <argument>
      <name>schedule</name>
      <display_name>Choose a Schedule to Shift the Time For.</display_name>
      <type>Choice</type>
      <required>true</required>
      <model_dependent>false</model_dependent>
      <default_value>*All Ruleset Schedules*</default_value>
      <choices>
        <choice>
          <value>{13c202ad-15a0-40c9-9a86-201102141a4e}</value>
          <display_name>*All Ruleset Schedules*</display_name>
        </choice>
      </choices>
    </argument>
    <argument>
      <name>dist</name>
      <display_name>Distribution for Random Shift Value Generator.</display_name>
      <type>Choice</type>
      <required>true</required>
      <model_dependent>false</model_dependent>
      <default_value>Uniform</default_value>
      <choices>
        <choice>
          <value>Uniform</value>
          <display_name>Uniform</display_name>
        </choice>
        <choice>
          <value>Normal</value>
          <display_name>Normal</display_name>
        </choice>
        <choice>
          <value>Triangular</value>
          <display_name>Triangular</display_name>
        </choice>
      </choices>
    </argument>
    <argument>
      <name>shift_ll</name>
      <display_name>Shift Schedule Profiles Forward Lower Limit (24hr, use decimal for sub hour).</display_name>
      <type>Double</type>
      <required>true</required>
      <model_dependent>false</model_dependent>
      <default_value>0</default_value>
    </argument>
    <argument>
      <name>shift_ul</name>
      <display_name>Shift Schedule Profiles Forward Upper Limit (24hr, use decimal for sub hour).</display_name>
      <type>Double</type>
      <required>true</required>
      <model_dependent>false</model_dependent>
      <default_value>1</default_value>
    </argument>
    <argument>
      <name>shift_ct</name>
      <display_name>Shift Schedule Profiles Peak for Triangular Distribution.</display_name>
      <type>Double</type>
      <required>false</required>
      <model_dependent>false</model_dependent>
    </argument>
  </arguments>
  <outputs/>
  <provenances/>
  <tags>
    <tag>Whole Building.Whole Building Schedules</tag>
  </tags>
  <attributes>
    <attribute>
      <name>Measure Type</name>
      <value>ModelMeasure</value>
      <datatype>string</datatype>
    </attribute>
    <attribute>
      <name>Measure Function</name>
      <value>Measure</value>
      <datatype>string</datatype>
    </attribute>
    <attribute>
      <name>Requires EnergyPlus Results</name>
      <value>false</value>
      <datatype>boolean</datatype>
    </attribute>
    <attribute>
      <name>Uses SketchUp API</name>
      <value>false</value>
      <datatype>boolean</datatype>
    </attribute>
  </attributes>
  <files>
    <file>
      <filename>3Story2Space.osm</filename>
      <filetype>osm</filetype>
      <usage_type>test</usage_type>
      <checksum>B4AB814E</checksum>
    </file>
    <file>
      <filename>ShiftScheduleProfileTime_Test.rb</filename>
      <filetype>rb</filetype>
      <usage_type>test</usage_type>
      <checksum>AE7DD6BC</checksum>
    </file>
    <file>
      <filename>LICENSE.md</filename>
      <filetype>md</filetype>
      <usage_type>license</usage_type>
      <checksum>9640B6CB</checksum>
    </file>
    <file>
      <filename>README.md.erb</filename>
      <filetype>erb</filetype>
      <usage_type>readmeerb</usage_type>
      <checksum>703C9964</checksum>
    </file>
    <file>
      <filename>Gemfile</filename>
      <filetype></filetype>
      <usage_type>resource</usage_type>
      <checksum>B7129E85</checksum>
    </file>
    <file>
      <filename>History.txt</filename>
      <filetype>txt</filetype>
      <usage_type>resource</usage_type>
      <checksum>9DFF25FD</checksum>
    </file>
    <file>
      <filename>Rakefile</filename>
      <filetype></filetype>
      <usage_type>resource</usage_type>
      <checksum>CFF9FB1C</checksum>
    </file>
    <file>
      <filename>README.rdoc</filename>
      <filetype>rdoc</filetype>
      <usage_type>resource</usage_type>
      <checksum>47285536</checksum>
    </file>
    <file>
      <filename>rubystats.gemspec</filename>
      <filetype>gemspec</filetype>
      <usage_type>resource</usage_type>
      <checksum>9829B288</checksum>
    </file>
    <file>
      <filename>triangular_distribution.rb</filename>
      <filetype>rb</filetype>
      <usage_type>resource</usage_type>
      <checksum>54403BDE</checksum>
    </file>
    <file>
      <version>
        <software_program>OpenStudio</software_program>
        <identifier>2.0.0</identifier>
        <min_compatible>2.0.0</min_compatible>
      </version>
      <filename>measure.rb</filename>
      <filetype>rb</filetype>
      <usage_type>script</usage_type>
      <checksum>9FB74DB1</checksum>
    </file>
    <file>
      <filename>README.md</filename>
      <filetype>md</filetype>
      <usage_type>readme</usage_type>
      <checksum>DB0C9026</checksum>
    </file>
  </files>
</measure>
