<measure>
  <schema_version>3.0</schema_version>
  <name>set_schedule_profile_start_end_times</name>
  <uid>d7477df5-e482-44be-9be5-fe9875013229</uid>
  <version_id>ade842ca-0fe8-43b6-9c85-6479491ca0b9</version_id>
  <version_modified>20190322T194434Z</version_modified>
  <xml_checksum>03F02484</xml_checksum>
  <class_name>SetScheduleProfileStartEndTimes</class_name>
  <display_name>Set Schedule Profile Start End Times</display_name>
  <description>Expand or contract schedule profile by specifying new start and end times. The schedule profile shape is preserved.</description>
  <modeler_description>Expand or contract schedule profile by specifying new start and end times. The schedule profile shape is preserved.</modeler_description>
  <arguments>
    <argument>
      <name>schedule</name>
      <display_name>Schedule to Expand or Contract</display_name>
      <type>Choice</type>
      <required>true</required>
      <model_dependent>false</model_dependent>
      <default_value>*All Ruleset Schedules*</default_value>
      <choices>
        <choice>
          <value>{2bebdb20-c832-415c-b090-7c7f04f5b404}</value>
          <display_name>*All Ruleset Schedules*</display_name>
        </choice>
      </choices>
    </argument>
    <argument>
      <name>new_start</name>
      <display_name>Schedule Start (hr)</display_name>
      <type>Integer</type>
      <required>true</required>
      <model_dependent>false</model_dependent>
      <default_value>8</default_value>
    </argument>
    <argument>
      <name>new_end</name>
      <display_name>Schedule End (hr)</display_name>
      <type>Integer</type>
      <required>true</required>
      <model_dependent>false</model_dependent>
      <default_value>18</default_value>
    </argument>
  </arguments>
  <outputs/>
  <provenances/>
  <tags>
    <tag>Whole Building.Whole Building Schedules</tag>
  </tags>
  <attributes>
    <attribute>
      <name>Measure Type</name>
      <value>ModelMeasure</value>
      <datatype>string</datatype>
    </attribute>
  </attributes>
  <files>
    <file>
      <filename>LICENSE.md</filename>
      <filetype>md</filetype>
      <usage_type>license</usage_type>
      <checksum>CD7F5672</checksum>
    </file>
    <file>
      <filename>README.md.erb</filename>
      <filetype>erb</filetype>
      <usage_type>readmeerb</usage_type>
      <checksum>703C9964</checksum>
    </file>
    <file>
      <filename>.gitkeep</filename>
      <filetype>gitkeep</filetype>
      <usage_type>doc</usage_type>
      <checksum>00000000</checksum>
    </file>
    <file>
      <filename>set_schedule_profile_start_end_times_test.rb</filename>
      <filetype>rb</filetype>
      <usage_type>test</usage_type>
      <checksum>A2E27395</checksum>
    </file>
    <file>
      <filename>example_model.osm</filename>
      <filetype>osm</filetype>
      <usage_type>test</usage_type>
      <checksum>53D14E69</checksum>
    </file>
    <file>
      <filename>README.md</filename>
      <filetype>md</filetype>
      <usage_type>readme</usage_type>
      <checksum>78603045</checksum>
    </file>
    <file>
      <version>
        <software_program>OpenStudio</software_program>
        <identifier>2.7.1</identifier>
        <min_compatible>2.7.1</min_compatible>
      </version>
      <filename>measure.rb</filename>
      <filetype>rb</filetype>
      <usage_type>script</usage_type>
      <checksum>19258850</checksum>
    </file>
  </files>
</measure>
