<measure>
  <schema_version>3.0</schema_version>
  <name>set_insulation_r_value_for_exterior_walls</name>
  <uid>3fdf9c39-d305-449b-a4b5-077166af5a67</uid>
  <version_id>e0bc4663-3c65-4f6b-9e8e-159db362ddd3</version_id>
  <version_modified>20190103T120829Z</version_modified>
  <xml_checksum>0F858D9E</xml_checksum>
  <class_name>SetInsulationRValueForExteriorWalls</class_name>
  <display_name>Set R-value of Insulation for Exterior Walls to a Specific Value</display_name>
  <description>Set the R-Value of exterior wall insulation to a specified value.  Higher R-Values provide better insulation, lowering heat loss and heat gain through the exterior walls.</description>
  <modeler_description>Set the R-Value (ft^2*h*R/Btu) of the insulation material layer in air exposed exterior walls to a specified value. Find constructions used for exterior walls, make copies of these and assign them to the appropriate construction sets or surfaces. Identify which layer of the construction is the insulation layer. Layer to change could be Material, No Mass Material, or Air Gap Material. If the Insulation layer is "Material? the thickness will be changed to attain the desired R-Value. If the insulation layer is "No Mass Material? or "Air Gap Material? the Thermal Resistance can be directly entered. If the construction doesn't appear to have an insulation layer it will not be altered. Surfaces with "Adiabatic" boundary conditions are not specifically assumed to be interior or exterior. As a result constructions used on "Adiabatic" surfaces will not be altered. Constructions for surfaces with a "Ground" boundary condition will also not be altered. Constructions with an insulation layer that already exceeds the requested R-Value will also not be altered.&#xd;&#xd;&#xd;&#xd;&#xd;&#xd;
  </modeler_description>
  <arguments>
    <argument>
      <name>r_value</name>
      <display_name>Insulation R-value (ft^2*h*R/Btu).</display_name>
      <type>Double</type>
      <required>true</required>
      <model_dependent>false</model_dependent>
      <default_value>13</default_value>
    </argument>
  </arguments>
  <outputs/>
  <provenances/>
  <tags>
    <tag>Envelope.Opaque</tag>
  </tags>
  <attributes>
    <attribute>
      <name>Measure Type</name>
      <value>ModelMeasure</value>
      <datatype>string</datatype>
    </attribute>
    <attribute>
      <name>Measure Function</name>
      <value>Measure</value>
      <datatype>string</datatype>
    </attribute>
    <attribute>
      <name>Requires EnergyPlus Results</name>
      <value>false</value>
      <datatype>boolean</datatype>
    </attribute>
    <attribute>
      <name>Uses SketchUp API</name>
      <value>false</value>
      <datatype>boolean</datatype>
    </attribute>
  </attributes>
  <files>
    <file>
      <filename>EnvelopeAndLoadTestModel_01.osm</filename>
      <filetype>osm</filetype>
      <usage_type>test</usage_type>
      <checksum>10AA8866</checksum>
    </file>
    <file>
      <filename>ReverseTranslatedModel.osm</filename>
      <filetype>osm</filetype>
      <usage_type>test</usage_type>
      <checksum>0B94403D</checksum>
    </file>
    <file>
      <filename>no_mass.osm</filename>
      <filetype>osm</filetype>
      <usage_type>test</usage_type>
      <checksum>2ED7A4BA</checksum>
    </file>
    <file>
      <filename>LICENSE.md</filename>
      <filetype>md</filetype>
      <usage_type>license</usage_type>
      <checksum>9640B6CB</checksum>
    </file>
    <file>
      <filename>README.md.erb</filename>
      <filetype>erb</filetype>
      <usage_type>readmeerb</usage_type>
      <checksum>703C9964</checksum>
    </file>
    <file>
      <filename>IncreaseInsulationRValueForExteriorWalls_01_Test.rb</filename>
      <filetype>rb</filetype>
      <usage_type>test</usage_type>
      <checksum>ED7BDC6C</checksum>
    </file>
    <file>
      <filename>README.md</filename>
      <filetype>md</filetype>
      <usage_type>readme</usage_type>
      <checksum>DD8B0C49</checksum>
    </file>
    <file>
      <version>
        <software_program>OpenStudio</software_program>
        <identifier>2.0.0</identifier>
        <min_compatible>2.0.0</min_compatible>
      </version>
      <filename>measure.rb</filename>
      <filetype>rb</filetype>
      <usage_type>script</usage_type>
      <checksum>4B8F3026</checksum>
    </file>
  </files>
</measure>
