<measure>
  <schema_version>3.0</schema_version>
  <name>generic_qaqc</name>
  <uid>d58d6b29-69ba-4915-b907-3c2c37ddb7c7</uid>
  <version_id>c3a65f4b-fe7d-4349-960d-bb4b1fe3e0d1</version_id>
  <version_modified>20170510T043335Z</version_modified>
  <xml_checksum>0A3BF61C</xml_checksum>
  <class_name>GenericQAQC</class_name>
  <display_name>Generic QAQC</display_name>
  <description>This measure extracts key simulation results and performs basic model QAQC checks. Each category of checks provides a description of the source of the check. In some cases the target standards and tollerances are adjustable.</description>
  <modeler_description>Reads the model and sql file to pull out the necessary information and run the model checks.  The check results show up as warning messages in the measure's output on the PAT run tab.</modeler_description>
  <arguments>
    <argument>
      <name>template</name>
      <display_name>Target ASHRAE Standard</display_name>
      <description>This used to set the target standard for most checks.</description>
      <type>Choice</type>
      <required>true</required>
      <model_dependent>false</model_dependent>
      <default_value>90.1-2013</default_value>
      <choices>
        <choice>
          <value>DOE Ref Pre-1980</value>
          <display_name>DOE Ref Pre-1980</display_name>
        </choice>
        <choice>
          <value>DOE Ref 1980-2004</value>
          <display_name>DOE Ref 1980-2004</display_name>
        </choice>
        <choice>
          <value>90.1-2004</value>
          <display_name>90.1-2004</display_name>
        </choice>
        <choice>
          <value>90.1-2007</value>
          <display_name>90.1-2007</display_name>
        </choice>
        <choice>
          <value>90.1-2010</value>
          <display_name>90.1-2010</display_name>
        </choice>
        <choice>
          <value>90.1-2013</value>
          <display_name>90.1-2013</display_name>
        </choice>
      </choices>
    </argument>
    <argument>
      <name>check_eui_reasonableness</name>
      <display_name>EUI Reasonableness (General)</display_name>
      <description>Check EUI for model against selected ASHRAE standard DOE prototype buildings.</description>
      <type>Boolean</type>
      <required>true</required>
      <model_dependent>false</model_dependent>
      <default_value>true</default_value>
      <choices>
        <choice>
          <value>true</value>
          <display_name>true</display_name>
        </choice>
        <choice>
          <value>false</value>
          <display_name>false</display_name>
        </choice>
      </choices>
    </argument>
    <argument>
      <name>check_eui_reasonableness_tol</name>
      <display_name>EUI Reasonableness Tolerance</display_name>
      <type>Double</type>
      <units>fraction</units>
      <required>true</required>
      <model_dependent>false</model_dependent>
      <default_value>0.1</default_value>
    </argument>
    <argument>
      <name>check_eui_by_end_use</name>
      <display_name>End Use by Category (General)</display_name>
      <description>Check end use by category against selected ASHRAE standard DOE prototype buildings.</description>
      <type>Boolean</type>
      <required>true</required>
      <model_dependent>false</model_dependent>
      <default_value>true</default_value>
      <choices>
        <choice>
          <value>true</value>
          <display_name>true</display_name>
        </choice>
        <choice>
          <value>false</value>
          <display_name>false</display_name>
        </choice>
      </choices>
    </argument>
    <argument>
      <name>check_eui_by_end_use_tol</name>
      <display_name>End Use by Category Tolerance</display_name>
      <type>Double</type>
      <units>fraction</units>
      <required>true</required>
      <model_dependent>false</model_dependent>
      <default_value>0.25</default_value>
    </argument>
    <argument>
      <name>check_mech_sys_part_load_eff</name>
      <display_name>Mechanical System Part Load Efficiency (General)</display_name>
      <description>Check 40% and 80% part load efficency against selected ASHRAE standard for the following compenent types: ChillerElectricEIR, CoilCoolingDXSingleSpeed, CoilCoolingDXTwoSpeed, CoilHeatingDXSingleSpeed. Checking EIR Function of Part Load Ratio curve for chiller and EIR Function of Flow Fraction for DX coils.</description>
      <type>Boolean</type>
      <required>true</required>
      <model_dependent>false</model_dependent>
      <default_value>true</default_value>
      <choices>
        <choice>
          <value>true</value>
          <display_name>true</display_name>
        </choice>
        <choice>
          <value>false</value>
          <display_name>false</display_name>
        </choice>
      </choices>
    </argument>
    <argument>
      <name>check_mech_sys_part_load_eff_tol</name>
      <display_name>Mechanical System Part Load Efficiency Tolerance</display_name>
      <type>Double</type>
      <units>fraction</units>
      <required>true</required>
      <model_dependent>false</model_dependent>
      <default_value>0.05</default_value>
    </argument>
    <argument>
      <name>check_mech_sys_capacity</name>
      <display_name>Mechanical System Capacity (General)</display_name>
      <description>Check HVAC capacity against ASHRAE rules of thumb for chiller max flow rate, air loop max flow rate, air loop cooling capciaty, and zone heating capcaity. Zone heating check will skip thermal zones without any exterior exposure, and thermal zones that are not conditioned.</description>
      <type>Boolean</type>
      <required>true</required>
      <model_dependent>false</model_dependent>
      <default_value>true</default_value>
      <choices>
        <choice>
          <value>true</value>
          <display_name>true</display_name>
        </choice>
        <choice>
          <value>false</value>
          <display_name>false</display_name>
        </choice>
      </choices>
    </argument>
    <argument>
      <name>check_simultaneous_heating_and_cooling</name>
      <display_name>Simultaneous Heating and Cooling (General)</display_name>
      <description>Check for simultaneous heating and cooling by looping through all Single Duct VAV Reheat Air Terminals and analyzing hourly data when there is a cooling load. </description>
      <type>Boolean</type>
      <required>true</required>
      <model_dependent>false</model_dependent>
      <default_value>true</default_value>
      <choices>
        <choice>
          <value>true</value>
          <display_name>true</display_name>
        </choice>
        <choice>
          <value>false</value>
          <display_name>false</display_name>
        </choice>
      </choices>
    </argument>
    <argument>
      <name>check_simultaneous_heating_and_cooling_max_tol</name>
      <display_name>Simultaneous Heating and Cooling Max Tolerance</display_name>
      <type>Double</type>
      <units>fraction</units>
      <required>true</required>
      <model_dependent>false</model_dependent>
      <default_value>0.05</default_value>
    </argument>
    <argument>
      <name>check_internal_loads</name>
      <display_name>Internal Loads (Baseline)</display_name>
      <description>Check LPD, ventilation rates, occupant density, plug loads, and equipment loads against selected ASHRAE standard and DOE Prototype buildings.</description>
      <type>Boolean</type>
      <required>true</required>
      <model_dependent>false</model_dependent>
      <default_value>true</default_value>
      <choices>
        <choice>
          <value>true</value>
          <display_name>true</display_name>
        </choice>
        <choice>
          <value>false</value>
          <display_name>false</display_name>
        </choice>
      </choices>
    </argument>
    <argument>
      <name>check_internal_loads_tol</name>
      <display_name>Internal Loads Tolerance</display_name>
      <type>Double</type>
      <units>fraction</units>
      <required>true</required>
      <model_dependent>false</model_dependent>
      <default_value>0.1</default_value>
    </argument>
    <argument>
      <name>check_schedules</name>
      <display_name>Schedules (Baseline)</display_name>
      <description>Check schedules for lighting, ventilation, occupant density, plug loads, and equipment based on DOE reference building schedules in terms of full load hours per year.</description>
      <type>Boolean</type>
      <required>true</required>
      <model_dependent>false</model_dependent>
      <default_value>true</default_value>
      <choices>
        <choice>
          <value>true</value>
          <display_name>true</display_name>
        </choice>
        <choice>
          <value>false</value>
          <display_name>false</display_name>
        </choice>
      </choices>
    </argument>
    <argument>
      <name>check_schedules_tol</name>
      <display_name>Schedules Tolerance</display_name>
      <type>Double</type>
      <units>fraction</units>
      <required>true</required>
      <model_dependent>false</model_dependent>
      <default_value>0.05</default_value>
    </argument>
    <argument>
      <name>check_envelope_conductance</name>
      <display_name>Envelope R-Value (Baseline)</display_name>
      <description>Check envelope against selected ASHRAE standard. Roof reflectance of 55%, wall relfectance of 30%.</description>
      <type>Boolean</type>
      <required>true</required>
      <model_dependent>false</model_dependent>
      <default_value>true</default_value>
      <choices>
        <choice>
          <value>true</value>
          <display_name>true</display_name>
        </choice>
        <choice>
          <value>false</value>
          <display_name>false</display_name>
        </choice>
      </choices>
    </argument>
    <argument>
      <name>check_envelope_conductance_tol</name>
      <display_name>Envelope R-Value Tolerance</display_name>
      <type>Double</type>
      <units>fraction</units>
      <required>true</required>
      <model_dependent>false</model_dependent>
      <default_value>0.1</default_value>
    </argument>
    <argument>
      <name>check_domestic_hot_water</name>
      <display_name>Domestic Hot Water (Baseline)</display_name>
      <description>Check against the 2011 ASHRAE Handbook - HVAC Applications, Table 7 section 60.13.</description>
      <type>Boolean</type>
      <required>true</required>
      <model_dependent>false</model_dependent>
      <default_value>true</default_value>
      <choices>
        <choice>
          <value>true</value>
          <display_name>true</display_name>
        </choice>
        <choice>
          <value>false</value>
          <display_name>false</display_name>
        </choice>
      </choices>
    </argument>
    <argument>
      <name>check_domestic_hot_water_tol</name>
      <display_name>Domestic Hot Water Tolerance</display_name>
      <type>Double</type>
      <units>fraction</units>
      <required>true</required>
      <model_dependent>false</model_dependent>
      <default_value>0.25</default_value>
    </argument>
    <argument>
      <name>check_mech_sys_efficiency</name>
      <display_name>Mechanical System Efficiency (Baseline)</display_name>
      <description>Check against selected ASHRAE standard for the following component types: ChillerElectricEIR, CoilCoolingDXSingleSpeed, CoilCoolingDXTwoSpeed, CoilHeatingDXSingleSpeed, BoilerHotWater, FanConstantVolume, FanVariableVolume, PumpConstantSpeed, PumpVariableSpeed.</description>
      <type>Boolean</type>
      <required>true</required>
      <model_dependent>false</model_dependent>
      <default_value>true</default_value>
      <choices>
        <choice>
          <value>true</value>
          <display_name>true</display_name>
        </choice>
        <choice>
          <value>false</value>
          <display_name>false</display_name>
        </choice>
      </choices>
    </argument>
    <argument>
      <name>check_mech_sys_efficiency_tol</name>
      <display_name>Mechanical System Efficiency Tolerance</display_name>
      <type>Double</type>
      <units>fraction</units>
      <required>true</required>
      <model_dependent>false</model_dependent>
      <default_value>0.1</default_value>
    </argument>
    <argument>
      <name>check_mech_sys_type</name>
      <display_name>Mechanical System Type (Baseline)</display_name>
      <description>Check against ASHRAE 90.1. Infers the baseline system type based on the equipment serving the zone and their heating/cooling fuels. Only does a high-level inference; does not look for the presence/absence of required controls, etc.</description>
      <type>Boolean</type>
      <required>true</required>
      <model_dependent>false</model_dependent>
      <default_value>true</default_value>
      <choices>
        <choice>
          <value>true</value>
          <display_name>true</display_name>
        </choice>
        <choice>
          <value>false</value>
          <display_name>false</display_name>
        </choice>
      </choices>
    </argument>
    <argument>
      <name>check_supply_air_and_thermostat_temp_difference</name>
      <display_name>Supply and Zone Air Temperature (Baseline)</display_name>
      <description>Check if fans modeled to ASHRAE 90.1 2013 Section G3.1.2.9 requirements. Compare the supply air temperature for each thermal zone against the thermostat setpoints. Throw flag if temperature difference excedes threshold of 20.0F plus the selected tolerance.</description>
      <type>Boolean</type>
      <required>true</required>
      <model_dependent>false</model_dependent>
      <default_value>true</default_value>
      <choices>
        <choice>
          <value>true</value>
          <display_name>true</display_name>
        </choice>
        <choice>
          <value>false</value>
          <display_name>false</display_name>
        </choice>
      </choices>
    </argument>
    <argument>
      <name>check_supply_air_and_thermostat_temp_difference_tol</name>
      <display_name>Supply and Zone Air Temperature Tolerance</display_name>
      <type>Double</type>
      <units>F</units>
      <required>true</required>
      <model_dependent>false</model_dependent>
      <default_value>0.5</default_value>
    </argument>
  </arguments>
  <outputs/>
  <provenances/>
  <tags>
    <tag>Reporting.QAQC</tag>
  </tags>
  <attributes>
    <attribute>
      <name>Uses SketchUp API</name>
      <value>false</value>
      <datatype>boolean</datatype>
    </attribute>
    <attribute>
      <name>Intended Software Tool</name>
      <value>OpenStudio Application</value>
      <datatype>string</datatype>
    </attribute>
    <attribute>
      <name>Intended Software Tool</name>
      <value>Parametric Analysis Tool</value>
      <datatype>string</datatype>
    </attribute>
    <attribute>
      <name>Intended Use Case</name>
      <value>Automatic Report Generation</value>
      <datatype>string</datatype>
    </attribute>
    <attribute>
      <name>Measure Type</name>
      <value>ReportingMeasure</value>
      <datatype>string</datatype>
    </attribute>
    <attribute>
      <name>Intended Software Tool</name>
      <value>OpenStudio Application</value>
      <datatype>string</datatype>
    </attribute>
    <attribute>
      <name>Intended Software Tool</name>
      <value>Parametric Analysis Tool</value>
      <datatype>string</datatype>
    </attribute>
    <attribute>
      <name>Intended Use Case</name>
      <value>Automatic Report Generation</value>
      <datatype>string</datatype>
    </attribute>
  </attributes>
  <files>
    <file>
      <filename>USA_CO_Golden-NREL.724666_TMY3.epw</filename>
      <filetype>epw</filetype>
      <usage_type>test</usage_type>
      <checksum>BDF687C1</checksum>
    </file>
    <file>
      <filename>report.html.erb</filename>
      <filetype>erb</filetype>
      <usage_type>resource</usage_type>
      <checksum>6AD259AE</checksum>
    </file>
    <file>
      <filename>USA_TX_Austin-Camp.Mabry.722544_TMY3.epw</filename>
      <filetype>epw</filetype>
      <usage_type>test</usage_type>
      <checksum>FB60E24C</checksum>
    </file>
    <file>
      <filename>USA_TX_Austin-Mueller.Muni.AP.722540_TMY3.epw</filename>
      <filetype>epw</filetype>
      <usage_type>test</usage_type>
      <checksum>B5BB1762</checksum>
    </file>
    <file>
      <filename>BasicOfficeTest_Mabry.osm</filename>
      <filetype>osm</filetype>
      <usage_type>test</usage_type>
      <checksum>80F9C557</checksum>
    </file>
    <file>
      <filename>BasicOfficeTest.osm</filename>
      <filetype>osm</filetype>
      <usage_type>test</usage_type>
      <checksum>222456E9</checksum>
    </file>
    <file>
      <filename>os_lib_reporting_qaqc.rb</filename>
      <filetype>rb</filetype>
      <usage_type>resource</usage_type>
      <checksum>5D218E57</checksum>
    </file>
    <file>
      <filename>BasicOfficeTest_Mueller.osm</filename>
      <filetype>osm</filetype>
      <usage_type>test</usage_type>
      <checksum>C57E800F</checksum>
    </file>
    <file>
      <filename>MidRiseApt.osm</filename>
      <filetype>osm</filetype>
      <usage_type>test</usage_type>
      <checksum>F2AF460A</checksum>
    </file>
    <file>
      <filename>CreateResults.rb</filename>
      <filetype>rb</filetype>
      <usage_type>resource</usage_type>
      <checksum>9DFB8D26</checksum>
    </file>
    <file>
      <filename>BasicOfficeTest_Mueller_altHVAC_b.osm</filename>
      <filetype>osm</filetype>
      <usage_type>test</usage_type>
      <checksum>F12AB925</checksum>
    </file>
    <file>
      <filename>check_placeholder.rb</filename>
      <filetype>rb</filetype>
      <usage_type>resource</usage_type>
      <checksum>F59FC80E</checksum>
    </file>
    <file>
      <filename>check_simultaneous_heating_and_cooling.rb</filename>
      <filetype>rb</filetype>
      <usage_type>resource</usage_type>
      <checksum>BA44CF13</checksum>
    </file>
    <file>
      <filename>check_domestic_hot_water.rb</filename>
      <filetype>rb</filetype>
      <usage_type>resource</usage_type>
      <checksum>4132718B</checksum>
    </file>
    <file>
      <filename>check_weather_files.rb</filename>
      <filetype>rb</filetype>
      <usage_type>resource</usage_type>
      <checksum>4A8897B2</checksum>
    </file>
    <file>
      <filename>check_eui_reasonableness.rb</filename>
      <filetype>rb</filetype>
      <usage_type>resource</usage_type>
      <checksum>33673876</checksum>
    </file>
    <file>
      <filename>check_eui_by_end_use.rb</filename>
      <filetype>rb</filetype>
      <usage_type>resource</usage_type>
      <checksum>A8EE8712</checksum>
    </file>
    <file>
      <filename>check_schedules.rb</filename>
      <filetype>rb</filetype>
      <usage_type>resource</usage_type>
      <checksum>170F01C8</checksum>
    </file>
    <file>
      <filename>check_supply_air_and_thermostat_temp_difference.rb</filename>
      <filetype>rb</filetype>
      <usage_type>resource</usage_type>
      <checksum>83BCA794</checksum>
    </file>
    <file>
      <filename>check_envelope_conductance.rb</filename>
      <filetype>rb</filetype>
      <usage_type>resource</usage_type>
      <checksum>5509E0C2</checksum>
    </file>
    <file>
      <filename>check_mech_sys_capacity.rb</filename>
      <filetype>rb</filetype>
      <usage_type>resource</usage_type>
      <checksum>D0B8B124</checksum>
    </file>
    <file>
      <filename>check_mech_sys_type.rb</filename>
      <filetype>rb</filetype>
      <usage_type>resource</usage_type>
      <checksum>5414BD76</checksum>
    </file>
    <file>
      <filename>check_internal_loads.rb</filename>
      <filetype>rb</filetype>
      <usage_type>resource</usage_type>
      <checksum>BB5FA1A5</checksum>
    </file>
    <file>
      <filename>design_doc.txt</filename>
      <filetype>txt</filetype>
      <usage_type>resource</usage_type>
      <checksum>779C47A4</checksum>
    </file>
    <file>
      <filename>check_mech_sys_efficiency.rb</filename>
      <filetype>rb</filetype>
      <usage_type>resource</usage_type>
      <checksum>72D30397</checksum>
    </file>
    <file>
      <filename>0422_test_b_sm_off.osm</filename>
      <filetype>osm</filetype>
      <usage_type>test</usage_type>
      <checksum>41293F9D</checksum>
    </file>
    <file>
      <filename>BasicOfficeTest_Mueller_altHVAC_a.osm</filename>
      <filetype>osm</filetype>
      <usage_type>test</usage_type>
      <checksum>0C358916</checksum>
    </file>
    <file>
      <filename>check_mech_sys_part_load_eff.rb</filename>
      <filetype>rb</filetype>
      <usage_type>resource</usage_type>
      <checksum>AD67954D</checksum>
    </file>
    <file>
      <version>
        <software_program>OpenStudio</software_program>
        <identifier>1.13.1</identifier>
        <min_compatible>1.13.1</min_compatible>
      </version>
      <filename>measure.rb</filename>
      <filetype>rb</filetype>
      <usage_type>script</usage_type>
      <checksum>518AFDF0</checksum>
    </file>
    <file>
      <filename>measure_Test.rb</filename>
      <filetype>rb</filetype>
      <usage_type>test</usage_type>
      <checksum>5B914673</checksum>
    </file>
    <file>
      <filename>os_lib_helper_methods.rb</filename>
      <filetype>rb</filetype>
      <usage_type>resource</usage_type>
      <checksum>02263B97</checksum>
    </file>
  </files>
</measure>
