<measure>
  <schema_version>3.0</schema_version>
  <name>ambient_loop_prototype_building_by_location</name>
  <uid>eed65df5-3517-44d5-8ecd-35631aadcc24</uid>
  <version_id>1043e209-96e1-47f7-ad3a-2629a20f78f8</version_id>
  <version_modified>20190826T205142Z</version_modified>
  <xml_checksum>2C38F48B</xml_checksum>
  <class_name>AmbientLoopPrototypeBuildingByLocation</class_name>
  <display_name>Ambient Loop Prototype Building By Location</display_name>
  <description>Change the building location</description>
  <modeler_description>Change the building location</modeler_description>
  <arguments>
    <argument>
      <name>building_type</name>
      <display_name>Building Type</display_name>
      <type>Choice</type>
      <required>true</required>
      <model_dependent>false</model_dependent>
      <default_value>SmallOffice</default_value>
      <choices>
        <choice>
          <value>SecondarySchool</value>
          <display_name>SecondarySchool</display_name>
        </choice>
        <choice>
          <value>PrimarySchool</value>
          <display_name>PrimarySchool</display_name>
        </choice>
        <choice>
          <value>SmallOffice</value>
          <display_name>SmallOffice</display_name>
        </choice>
        <choice>
          <value>MediumOffice</value>
          <display_name>MediumOffice</display_name>
        </choice>
        <choice>
          <value>LargeOffice</value>
          <display_name>LargeOffice</display_name>
        </choice>
        <choice>
          <value>SmallHotel</value>
          <display_name>SmallHotel</display_name>
        </choice>
        <choice>
          <value>LargeHotel</value>
          <display_name>LargeHotel</display_name>
        </choice>
        <choice>
          <value>Warehouse</value>
          <display_name>Warehouse</display_name>
        </choice>
        <choice>
          <value>RetailStandalone</value>
          <display_name>RetailStandalone</display_name>
        </choice>
        <choice>
          <value>RetailStripmall</value>
          <display_name>RetailStripmall</display_name>
        </choice>
        <choice>
          <value>QuickServiceRestaurant</value>
          <display_name>QuickServiceRestaurant</display_name>
        </choice>
        <choice>
          <value>FullServiceRestaurant</value>
          <display_name>FullServiceRestaurant</display_name>
        </choice>
        <choice>
          <value>MidriseApartment</value>
          <display_name>MidriseApartment</display_name>
        </choice>
        <choice>
          <value>HighriseApartment</value>
          <display_name>HighriseApartment</display_name>
        </choice>
        <choice>
          <value>Hospital</value>
          <display_name>Hospital</display_name>
        </choice>
        <choice>
          <value>Outpatient</value>
          <display_name>Outpatient</display_name>
        </choice>
      </choices>
    </argument>
    <argument>
      <name>template</name>
      <display_name>Template</display_name>
      <type>Choice</type>
      <required>true</required>
      <model_dependent>false</model_dependent>
      <default_value>90.1-2010</default_value>
      <choices>
        <choice>
          <value>DOE Ref Pre-1980</value>
          <display_name>DOE Ref Pre-1980</display_name>
        </choice>
        <choice>
          <value>DOE Ref 1980-2004</value>
          <display_name>DOE Ref 1980-2004</display_name>
        </choice>
        <choice>
          <value>90.1-2004</value>
          <display_name>90.1-2004</display_name>
        </choice>
        <choice>
          <value>90.1-2007</value>
          <display_name>90.1-2007</display_name>
        </choice>
        <choice>
          <value>90.1-2010</value>
          <display_name>90.1-2010</display_name>
        </choice>
        <choice>
          <value>90.1-2013</value>
          <display_name>90.1-2013</display_name>
        </choice>
        <choice>
          <value>NECB 2011</value>
          <display_name>NECB 2011</display_name>
        </choice>
      </choices>
    </argument>
    <argument>
      <name>weather_file_name</name>
      <display_name>Weather File Name</display_name>
      <description>Name of the weather file. This is the filename with the extension (e.g. NewWeather.epw). Optionally this can include the full file path, but for most use cases should just be file name.</description>
      <type>String</type>
      <required>true</required>
      <model_dependent>false</model_dependent>
    </argument>
  </arguments>
  <outputs/>
  <provenances/>
  <tags>
    <tag>Whole Building.Space Types</tag>
  </tags>
  <attributes>
    <attribute>
      <name>Measure Type</name>
      <value>ModelMeasure</value>
      <datatype>string</datatype>
    </attribute>
  </attributes>
  <files>
    <file>
      <filename>os_lib_helper_methods.rb</filename>
      <filetype>rb</filetype>
      <usage_type>resource</usage_type>
      <checksum>9CFC43FB</checksum>
    </file>
    <file>
      <filename>stat_file.rb</filename>
      <filetype>rb</filetype>
      <usage_type>resource</usage_type>
      <checksum>FA04CAFA</checksum>
    </file>
    <file>
      <version>
        <software_program>OpenStudio</software_program>
        <identifier>2.5.0</identifier>
        <min_compatible>2.5.0</min_compatible>
      </version>
      <filename>measure.rb</filename>
      <filetype>rb</filetype>
      <usage_type>script</usage_type>
      <checksum>A553AFA9</checksum>
    </file>
    <file>
      <filename>epw.rb</filename>
      <filetype>rb</filetype>
      <usage_type>resource</usage_type>
      <checksum>7D1F3352</checksum>
    </file>
  </files>
</measure>
